code,name,format,city,lat,lon,lat_file,lon_file,coord_status,coord_note,sales_avg,orders_avg,check_index,sales_01_09,sales_02_09,sales_03_09,sales_04_09,sales_05_09,sales_06_09,sales_07_09,sales_08_09,sales_09_09,sales_10_09
W035,Мега,Safia,Tashkent,41.367122,69.291343,41.367122,69.291343,file,,86.51,91.6,70.0,83.6,83.1,84.9,88.4,100.0,88.4,82.4,78.4,89.8,86.1
W025,Зенит,Safia,Tashkent,41.375005,69.271122,41.375005,69.271122,file,,59.17,71.2,61.6,63.8,56.1,53.2,59.4,64.1,65.1,54.6,55.6,60.1,59.7
W016,МедГор,Safia,Tashkent,41.362609,69.187378,41.362609,69.187378,file,,58.02,53.18,80.8,57.2,55.0,50.6,59.8,65.4,68.9,60.4,52.4,55.8,54.7
W026,Крестик,Safia,Tashkent,41.292597,69.356831,41.292597,69.356831,file,,48.21,51.27,69.7,53.8,46.2,44.7,50.2,55.1,55.3,43.1,44.4,43.0,46.3
W037,Паркентская,Safia,Tashkent,41.312418,69.332706,41.312418,69.332706,file,,46.45,52.49,65.6,50.2,47.3,44.3,47.7,53.8,48.0,42.0,42.4,44.8,44.0
W047,Чирчик,Safia,Chirchiq,41.469955,69.583022,41.469955,69.583022,file,,43.36,40.75,78.9,48.1,46.3,35.8,44.3,47.8,48.2,44.0,38.6,38.2,42.3
W072,Бухара,Safia,Bukhara,39.76348,64.430124,39.76348,64.430124,file,,41.24,38.4,79.6,54.5,36.1,38.1,43.7,44.6,45.2,37.2,37.8,34.3,40.9
W083,Водник,Safia,Tashkent,41.254951,69.374889,41.254951,69.374889,file,,41.0,44.53,68.3,46.7,40.1,41.1,42.0,44.1,41.1,34.7,39.1,40.5,40.6
W099,Сайрам,Safia,Tashkent,41.37356,69.307778,41.37356,69.307778,file,,38.1,38.48,73.4,42.9,35.4,35.5,34.8,46.1,46.8,34.0,33.9,34.3,37.3
W101,ТТЗ,Safia,Tashkent,41.358054,69.384926,41.358054,69.384926,file,,37.61,37.51,74.3,45.7,32.9,32.6,39.2,47.7,47.4,37.5,34.0,28.2,30.9
W012,Ганга,Safia,Tashkent,41.328652,69.249259,41.328652,69.249259,file,,37.11,53.47,51.4,36.0,36.4,34.8,34.6,43.7,36.9,37.4,39.5,34.6,37.2
W183,Грандмир,Safia,Tashkent,41.297359,69.268759,41.297359,69.268759,file,,36.41,42.66,63.3,31.0,40.5,37.7,40.3,35.8,28.2,36.5,37.6,39.4,37.1
W185,Бульвар,Safia,Tashkent,41.316325,69.245205,41.316325,69.245205,file,,36.11,44.03,60.8,35.7,34.5,34.0,38.1,38.0,38.8,35.0,35.7,35.0,36.3
W087,СамПИ,Safia,Tashkent,41.354956,69.33375,41.354956,69.33375,file,,35.13,46.92,55.5,38.0,32.0,30.8,36.6,39.7,35.8,33.8,33.5,35.6,35.5
W018,Садык Азимов,Safia,Tashkent,41.3062112,69.2913941,41.368853,69.260256,corrected,"site row ""Садык Азимов"" adopted, moved 7435 m (high confidence)",34.96,47.59,54.5,31.0,43.6,37.1,35.8,29.8,27.6,38.0,35.0,33.8,37.9
W057,Карши,Safia,Karshi,38.829511,65.785236,38.829511,65.785236,file,,34.92,31.7,81.6,32.8,33.0,42.1,38.3,36.6,36.4,34.5,31.6,30.7,33.2
W054,Алмалык,Safia,Almalyk,40.852152,69.595566,40.852152,69.595566,file,,34.62,43.35,59.2,33.5,35.5,33.1,38.2,32.5,37.2,30.8,33.4,35.9,36.1
W071,АНД Навруз,Safia,Andijan,40.752303,72.363569,40.752303,72.363569,file,,34.54,32.4,79.0,40.9,33.1,28.8,29.7,42.6,35.2,39.0,31.4,35.6,29.1
W092,Янги Хаёт,Safia,Tashkent,41.223215,69.208976,41.223215,69.208976,file,,34.47,38.78,65.9,40.4,29.0,29.5,32.8,40.8,43.0,29.6,30.9,29.7,39.0
W017,Ракат,Safia,Tashkent,41.288798,69.242687,41.288798,69.242687,file,,32.62,28.05,86.2,29.1,35.2,32.4,33.7,33.4,31.7,32.4,31.8,35.1,31.4
W015,Кадышева,Safia,Tashkent,41.2899049,69.3437448,41.293972,69.335064,corrected,"site row ""Кадышева"" adopted, moved 855 m (medium confidence)",31.86,27.79,85.0,36.1,30.6,26.0,34.7,38.9,35.8,29.3,28.6,27.7,30.9
W128,НАМ А.Навои,Safia,Namangan,40.994028,71.648413,40.994028,71.648413,file,,31.58,23.4,100.0,29.8,31.8,31.2,30.4,35.7,29.1,32.2,31.4,30.4,33.8
W074,Фергана,Safia,Tashkent,41.28552,69.356386,41.28552,69.356386,unresolved_excluded,"audit unresolved; file coords kept; excluded from train/test (candidate site row ""Фергана"", 227863 m)",29.86,35.82,61.7,29.5,29.0,30.3,35.1,30.5,26.0,31.0,29.9,28.6,28.7
W031,Янги Куйлюк 5,Safia,Tashkent,41.247725,69.301839,41.247725,69.301839,file,,29.5,31.97,68.3,31.8,29.5,30.5,28.6,34.2,31.6,26.1,25.6,26.8,30.3
W022,Авайхон,Safia,Tashkent,41.316054,69.353411,41.316054,69.353411,file,,29.03,34.11,63.1,31.0,26.6,24.7,31.5,32.7,32.9,24.4,26.5,30.9,29.1
W180,УзБум,Safia,Tashkent,41.287752,69.30374,41.287752,69.30374,file,,28.67,35.99,59.0,27.0,29.5,28.4,29.6,31.1,29.0,29.3,26.4,27.9,28.5
W030,Цум,Safia,Tashkent,41.304463,69.270304,41.304463,69.270304,file,,27.74,41.38,49.7,20.3,33.1,34.7,29.1,25.4,15.8,29.7,30.1,28.0,31.2
W163,АНД Узбегим,Safia,Andijan,40.786953,72.350948,40.786953,72.350948,file,,27.16,29.33,68.7,27.3,25.6,25.1,29.9,32.2,25.7,24.9,27.4,27.9,25.6
W189,Навои,Safia,Navoi,40.092309,65.380468,40.092309,65.380468,file,,27.05,36.1,55.5,27.9,26.7,29.9,28.3,26.9,26.2,26.2,24.3,25.4,28.7
W159,Туйтепа,Safia,near Yangiyul (27 km),41.0419691,69.3572176,41.039485,69.357441,corrected,"site row ""Туйтепа"" adopted, moved 277 m (medium confidence)",26.59,27.17,72.5,31.0,28.1,23.2,27.8,27.4,25.9,28.2,22.9,23.9,27.5
W070,Янгиюль,Safia,Yangiyul,41.120101,69.060315,41.120101,69.060315,file,,26.5,28.27,69.5,33.5,26.8,23.7,26.0,29.6,27.4,23.9,27.4,24.0,22.7
W027,Луначарский,Safia,Tashkent,41.337019,69.355522,41.337019,69.355522,file,,26.15,27.06,71.6,32.4,25.1,26.7,27.0,26.4,28.9,22.9,23.7,24.6,23.8
W139,Гулобод,Safia,Tashkent,41.322401,69.216085,41.322401,69.216085,file,,25.81,30.72,62.2,25.8,24.9,23.0,23.5,29.9,27.5,25.7,25.0,25.8,27.0
W196,Кибрай,Safia,Kibray,41.387361,69.45927,41.387361,69.45927,file,,25.77,27.87,68.5,28.2,23.6,21.7,27.6,31.7,29.9,31.8,16.6,24.4,22.2
W182,Дружба,Safia,Tashkent,41.311254,69.24403,41.311254,69.24403,file,,25.41,41.47,45.4,15.0,27.5,24.7,27.1,25.7,19.6,29.0,27.7,28.7,29.1
W130,Хувайдо,Safia,Tashkent,41.341653,69.20469,41.341653,69.20469,file,,24.07,28.72,62.1,21.7,22.9,22.7,22.4,28.1,22.4,27.9,22.5,25.9,24.2
W079,Пионерская,Safia,Tashkent,41.275145,69.223859,41.275145,69.223859,file,,23.46,32.16,54.0,22.9,25.5,22.0,25.3,24.5,22.1,23.3,21.4,24.7,22.9
W098,Корасув,Safia,Tashkent,41.335052,69.370596,41.335052,69.370596,file,,23.1,30.08,56.9,28.0,20.1,23.1,19.7,28.7,29.3,19.2,21.9,20.5,20.5
W175,Ангрен,Safia,Angren,41.010855,70.082698,41.010855,70.082698,file,,22.68,24.12,69.8,25.0,22.8,20.0,25.3,22.1,23.0,22.9,20.3,23.9,21.5
W064,Тансыкбаев,Safia,Tashkent,41.3646725,69.2062059,41.36459,69.20328,corrected,"site row ""Тансыкбаев"" adopted, moved 244 m (medium confidence)",22.49,22.74,73.3,25.2,21.6,21.2,22.7,25.9,24.1,20.7,20.0,21.8,21.7
W190,Рисовый,Safia,Tashkent,41.272501,69.308274,41.272501,69.308274,file,,22.41,27.99,59.3,27.4,19.8,22.1,20.6,25.5,23.6,21.1,20.1,21.1,22.8
W036,Минор,Safia,Tashkent,41.327252,69.285208,41.327252,69.285208,file,,22.32,29.56,56.0,18.0,24.1,23.6,21.1,24.2,21.1,23.0,20.6,24.4,23.1
W097,Компас,Safia,Tashkent,41.238704,69.328098,41.238704,69.328098,file,,22.14,28.31,58.0,26.1,22.2,20.0,19.8,25.9,27.4,17.9,20.0,21.8,20.3
W214,Матонат,Safia,Tashkent,41.2444,69.311253,41.2444,69.311253,file,,21.59,26.86,59.6,22.6,20.7,15.7,19.4,22.9,24.1,17.8,16.8,16.8,39.1
W039,Шохимардон,Safia,Tashkent,41.273582,69.346158,41.273582,69.346158,file,,21.26,20.08,78.5,24.9,19.6,19.4,20.2,25.6,27.1,17.7,20.4,21.4,16.3
W152,Боткина,Safia,Tashkent,41.311489,69.312525,41.311489,69.312525,file,,21.12,28.62,54.6,17.6,19.9,22.4,29.2,18.6,17.8,23.0,19.7,23.6,19.4
W073,НАМ Галаба,Safia,Namangan,40.993759,71.610318,40.993759,71.610318,file,,20.74,20.46,75.1,21.5,23.2,18.6,23.5,24.0,19.6,17.8,17.5,21.4,20.3
W068,Файзабад,Safia,Tashkent,41.262204,69.316586,41.262204,69.316586,file,,20.47,20.61,73.5,22.7,19.5,18.1,20.2,21.9,21.0,20.0,20.9,21.3,19.1
W046,Чиланзар,Safia,Tashkent,41.336441,69.372281,41.336441,69.372281,unresolved_excluded,"audit unresolved; file coords kept; excluded from train/test (candidate site row ""Интегро Чиланзар"", 15601 m)",20.35,25.23,59.8,20.8,20.2,15.7,19.2,26.2,22.5,19.1,19.6,19.2,21.0
W028,Тинчлик,Safia,Tashkent,41.334075,69.217183,41.334075,69.217183,file,,20.23,34.96,42.9,14.5,22.8,19.0,20.3,22.7,18.4,20.4,22.3,20.5,21.4
W013,Гвардейская,Safia,Tashkent,41.371954,69.318328,41.371954,69.318328,file,,20.11,28.26,52.8,21.4,18.9,19.2,19.3,22.6,23.4,20.4,20.7,17.5,17.7
W138,Коканд,Safia,Kokand,40.54175,70.971492,40.54175,70.971492,file,,19.75,16.74,87.4,18.9,20.3,19.5,22.7,21.8,23.2,17.3,21.0,15.8,17.0
W023,Ахмад,Safia,Tashkent,41.26302,69.153976,41.313701,69.185309,corrected,"site row ""Ахмад"" adopted, moved 6214 m (high confidence)",19.31,23.27,61.5,23.6,18.8,17.8,17.4,19.1,20.8,20.8,17.0,19.9,17.9
W154,Газалкент,Safia,Gazalkent,41.56398,69.772597,41.56398,69.772597,file,,19.29,18.61,76.7,23.5,16.9,20.8,19.4,21.0,19.9,16.4,16.1,20.2,18.7
W080,Спутник,Safia,Tashkent,41.19636,69.214968,41.19636,69.214968,file,,19.1,21.79,64.9,20.2,16.8,19.3,22.3,21.5,18.5,19.0,18.4,16.5,18.5
W100,Саракулька,Safia,Tashkent,41.277987,69.285818,41.277987,69.285818,file,,18.91,21.91,64.0,16.0,21.7,20.1,21.5,19.6,18.9,19.0,17.2,16.1,19.0
W187,Термез,Safia,Termez,37.238793,67.280399,37.238793,67.280399,file,,18.88,21.11,66.2,19.9,19.1,20.5,18.6,19.7,17.2,20.0,17.3,19.5,17.0
W181,Эшангузар,Safia,Tashkent,41.252705,69.153424,41.252705,69.153424,file,,18.45,21.79,62.8,19.1,17.0,17.7,19.8,23.7,17.9,16.6,17.1,18.4,17.2
W161,Чирчик Юсупов,Safia,Chirchiq,41.4376012,69.54638979999999,41.469962,69.583009,corrected,"site row ""Чирчик Юсупов"" adopted, moved 4718 m (high confidence)",18.36,17.69,76.9,23.4,16.7,16.3,18.1,23.4,19.1,15.3,17.5,16.5,17.3
W222,Сити Молл Фудкорт,Safia,Tashkent,41.316605,69.252059,41.316605,69.252059,file,,18.24,19.58,69.0,20.5,18.0,18.4,16.2,20.3,21.1,16.9,16.6,17.8,16.6
W126,Максим Горький,Safia,Tashkent,41.326714,69.335163,41.326714,69.335163,file,,18.11,28.53,47.0,16.6,18.7,15.2,19.4,20.5,17.7,18.9,17.5,17.7,18.9
W162,Янгибазар,Safia,near Kibray (10 km),41.314569,69.518455,41.314569,69.518455,file,,17.99,18.03,74.0,20.6,15.5,16.2,20.2,20.2,19.5,17.6,16.1,16.4,17.6
W044,Мевазор,Safia,Tashkent,41.370049,69.225415,41.370049,69.225415,file,,17.93,16.12,82.4,21.8,17.7,14.5,18.6,23.2,23.2,14.7,14.9,14.6,16.1
W049,Сити Молл 1,Safia,Tashkent,41.315675,69.252674,41.315675,69.252674,file,,17.84,43.39,30.5,18.5,17.7,15.4,17.0,21.2,21.1,16.2,17.2,17.4,16.7
W034,Кукча,Safia,Tashkent,41.321705,69.20283,41.321705,69.20283,file,,17.38,15.74,81.8,19.8,14.6,14.8,16.9,24.0,22.6,15.9,16.5,16.5,12.2
W205,IT парк,Safia,Tashkent,41.340999,69.335638,41.340999,69.335638,file,,17.01,27.6,45.7,11.6,18.0,16.7,19.7,14.1,14.1,20.2,17.9,18.0,19.8
W051,Ардус,Safia,Tashkent,41.319514,69.279826,41.319514,69.279826,file,,17.0,32.11,39.3,9.8,22.1,18.6,19.5,16.4,12.5,18.6,17.2,17.1,18.2
W084,Глобус,Safia,Tashkent,41.271441,69.176102,41.271441,69.176102,file,,16.84,21.2,58.8,21.9,15.1,16.0,18.1,18.4,15.5,16.0,15.0,15.1,17.3
W003,Фозилтепа,Safia,Tashkent,41.29696920000001,69.1794877,41.334705,69.183352,corrected,"site row ""Фозилтепа"" adopted, moved 4208 m (medium confidence)",15.83,23.48,50.0,16.8,15.2,13.6,14.6,17.5,15.1,15.0,16.3,17.0,17.2
W173,Бочка,Safia,near Gazalkent (16 km),41.627857,69.940514,41.627857,69.940514,file,,15.65,13.81,84.0,24.7,14.1,12.8,16.0,22.7,21.3,10.5,11.9,10.8,11.7
W094,Ватан,Safia,Tashkent,41.277915,69.17496,41.277915,69.17496,file,,15.55,20.94,55.1,15.3,17.8,15.9,17.2,17.7,14.7,14.9,11.8,14.1,16.1
W032,Аккурган,Safia,Tashkent,41.326784,69.304994,41.326784,69.304994,file,,15.28,20.38,55.5,17.0,15.2,18.1,15.4,13.7,15.4,14.9,15.6,14.1,13.4
W151,Бекабад,Safia,Bekabad,40.211434,69.263868,40.211434,69.263868,file,,15.11,16.83,66.6,18.5,15.0,14.6,15.1,16.3,16.3,13.9,13.9,12.7,14.8
W081,Чорсу,Safia,Tashkent,41.325287,69.232339,41.325287,69.232339,unresolved_kept,"audit unresolved; file coords kept (candidate site row ""Чорсу"", 555 m)",15.1,20.85,53.7,16.3,15.9,12.2,18.0,16.9,15.0,14.3,13.1,13.8,15.5
W014,Зиёлилар,Safia,Tashkent,41.33579,69.323412,41.33579,69.323412,file,,14.89,19.69,56.1,14.4,17.8,14.3,14.3,14.2,13.6,16.5,14.8,14.5,14.5
W137,Вега,Safia,Tashkent,41.26004,69.223861,41.26004,69.223861,file,,14.72,24.94,43.7,12.1,14.5,14.7,15.3,14.0,11.3,15.1,16.9,17.0,16.3
W056,Карасарай,Safia,Tashkent,41.348955,69.23936,41.348955,69.23936,file,,14.59,18.08,59.8,15.7,11.9,13.3,13.8,17.7,16.3,14.2,14.4,14.1,14.5
W011,Алгоритм,Safia,Tashkent,41.26399,69.161609,41.26399,69.161609,file,,14.57,15.48,69.8,17.4,15.5,11.1,13.5,18.1,16.3,14.8,13.1,13.8,12.1
W093,Бунёдкор,Safia,Tashkent,41.27554,69.204384,41.27554,69.204384,unresolved_kept,"audit unresolved; file coords kept (candidate site row ""Бунёдкор"", 698 m)",14.53,22.58,47.6,13.3,14.8,13.5,16.2,15.9,12.5,16.0,14.6,13.3,15.2
W059,Кушбеги,Safia,Tashkent,41.267901,69.246753,41.267901,69.246753,file,,14.5,20.7,51.9,14.2,15.7,13.9,14.9,13.3,14.7,15.4,14.1,14.6,14.2
W091,Эко (Chimgan),Safia,Tashkent,41.352836,69.351531,41.352836,69.351531,file,,14.14,21.05,49.7,19.2,12.6,9.5,15.0,18.9,17.1,11.8,10.9,13.4,13.0
W075,Атлас,Safia,Tashkent,41.284656700000006,69.2035103,41.352834,69.35153,corrected,"site row ""Атлас"" adopted, moved 14501 m (medium confidence)",14.13,17.8,58.9,15.5,12.7,12.3,15.3,16.6,15.0,13.8,12.9,12.0,15.2
W067,Уч Кахрамон,Safia,Tashkent,41.378603,69.289197,41.378603,69.289197,file,,13.86,13.0,79.0,16.5,11.2,13.1,14.0,15.9,19.8,13.4,12.4,9.7,12.6
W040,Шохсарой,Safia,Tashkent,41.359777,69.276582,41.359777,69.276582,file,,13.87,16.83,61.0,15.6,11.9,12.1,13.2,15.7,17.5,13.4,14.7,12.2,12.4
W140,Аэропорт Duty Free,Safia,Tashkent,41.269159,69.262873,41.269159,69.262873,file,,13.84,22.0,46.7,12.1,14.0,13.6,16.8,12.9,16.7,13.0,12.0,13.6,13.7
W077,Камолон,Safia,Tashkent,41.308583,69.237994,41.308583,69.237994,file,,13.79,19.14,53.3,12.8,14.4,10.0,14.8,16.9,13.3,14.0,13.7,14.1,13.9
W048,Шахристан,Safia,Tashkent,41.353786,69.288687,41.353786,69.288687,file,,13.49,22.64,44.2,11.4,14.2,13.1,14.4,13.6,13.8,11.2,14.3,14.3,14.6
W125,Ашрафи,Safia,Tashkent,41.283707,69.334776,41.283707,69.334776,file,,13.37,15.65,63.2,15.4,11.8,12.1,11.2,12.7,16.5,16.4,13.6,10.9,13.1
W096,Изза,Safia,Tashkent,41.283384,69.164913,41.283384,69.164913,file,,13.14,14.94,65.1,13.6,13.7,11.6,13.6,15.3,14.9,12.0,11.9,12.6,12.2
W198,Бобур-МКАД,Safia,Tashkent,41.270112,69.262938,41.270112,69.262938,file,,13.08,18.86,51.4,10.0,13.7,11.9,13.0,13.7,11.5,17.7,11.5,14.5,13.3
W029,Урикзор,Safia,Tashkent,41.2872,69.148452,41.2872,69.148452,file,,12.98,17.73,54.3,13.4,11.9,13.9,11.5,16.6,14.2,12.3,10.9,14.1,11.0
W060,Малика,Safia,Tashkent,41.3423547,69.2657623,41.339809,69.267539,corrected,"site row ""Малика"" adopted, moved 320 m (medium confidence)",12.88,17.85,53.5,12.7,12.8,12.6,12.1,13.5,13.2,12.0,12.8,13.7,13.4
W150,Авторынок (Sergeli),Safia,Tashkent,41.229428,69.218651,41.229428,69.218651,file,,12.87,14.77,64.5,13.4,11.5,11.3,13.6,12.3,16.5,11.8,12.0,10.9,15.4
W155,Кургантепа,Safia,Tashkent,41.215992,69.201152,41.215992,69.201152,file,,12.74,16.04,58.9,14.4,11.6,12.0,13.7,14.0,14.3,12.9,12.0,11.9,10.6
W062,Нурафшон,Safia,Tashkent,41.333689,69.266826,41.333689,69.266826,file,,12.53,14.3,65.0,11.7,11.7,11.3,11.8,15.0,12.3,14.6,11.8,12.9,12.2
W177,Зангиата,Safia,Tashkent,41.199041,69.158695,41.199041,69.158695,file,,11.8,10.95,80.0,14.9,11.3,11.3,11.1,11.5,13.1,12.4,10.7,11.2,10.5
W208,Бодомзор,Safia,Tashkent,41.339793,69.291907,41.339793,69.291907,file,,11.68,15.74,55.1,11.4,11.1,10.5,14.6,12.7,11.3,12.0,11.1,10.7,11.4
W041,Аль-Хорезми,Safia,Tashkent,41.268493,69.190166,41.268493,69.190166,file,,11.66,15.0,57.5,14.0,12.2,10.4,11.0,13.2,12.2,10.8,10.3,10.2,12.3
W167,Гейдар Алиев,Safia,Tashkent,41.273101,69.277859,41.273101,69.277859,file,,11.52,16.38,52.1,13.1,12.3,11.7,12.2,12.2,9.2,11.9,10.9,11.9,9.8
W076,Жомий,Safia,Tashkent,41.360996,69.239384,41.360996,69.239384,file,,11.47,16.31,52.1,12.2,12.9,13.0,14.1,13.7,12.2,13.8,13.1,7.6,2.1
W147,Эркин,Safia,Tashkent,41.230134,69.172329,41.230134,69.172329,file,,11.39,11.46,73.7,14.2,10.6,8.3,11.4,15.4,12.4,10.1,10.0,12.4,9.1
W141,Лабзак,Safia,Tashkent,41.327052,69.263576,41.327052,69.263576,file,,11.38,20.23,41.7,9.4,12.7,11.1,12.3,11.1,8.4,12.4,12.7,11.6,12.1
W043,Жарарык,Safia,Tashkent,41.335675,69.177778,41.335675,69.177778,file,,11.0,10.54,77.4,14.2,10.5,11.0,11.2,13.3,11.3,10.4,9.3,10.2,8.6
W033,Коммунизм,Safia,Tashkent,41.359311,69.225038,41.359311,69.225038,file,,10.9,15.53,52.1,9.4,10.8,10.7,9.8,13.5,10.9,11.9,10.8,9.8,11.4
W201,Нукус-1,Safia,Nukus,42.460454,59.611502,42.460454,59.611502,file,,10.86,16.22,49.7,12.7,12.5,11.6,7.8,8.1,9.1,10.5,10.6,11.6,14.1
W089,Шота Руставели,Safia,Tashkent,41.272776,69.240126,41.272776,69.240126,file,,10.77,16.85,47.4,9.8,10.0,11.2,11.0,10.6,8.7,13.1,10.9,10.1,12.3
W188,Некст,Safia,Tashkent,41.297942,69.249418,41.297942,69.249418,file,,10.31,24.88,30.7,10.5,11.8,10.6,12.6,9.6,9.5,9.8,9.4,9.5,9.8
W215,Ало,Safia,Tashkent,41.336444,69.372281,41.336444,69.372281,unresolved_excluded,"audit unresolved; file coords kept; excluded from train/test (candidate site row ""Ало"", 13373 m)",10.24,17.63,43.1,9.9,10.6,10.5,10.3,12.0,8.9,10.0,9.7,10.1,10.4
W078,Келес,Safia,Keles,41.40807,69.202073,41.40807,69.202073,file,,10.17,10.14,74.4,12.3,7.7,7.4,12.0,13.4,13.1,9.1,8.5,8.5,9.7
W038,Ташми,Safia,Tashkent,41.349015,69.176253,41.349015,69.176253,file,,9.96,13.53,54.5,9.4,9.5,10.5,9.6,11.1,9.6,8.8,9.7,11.0,10.4
W127,Мехржон,Safia,Tashkent,41.287542,69.285423,41.287542,69.285423,file,,9.69,15.37,46.8,9.7,9.6,10.1,9.9,10.0,6.9,11.0,9.6,11.4,8.7
W019,Хаст-Имам,Safia,Tashkent,41.341276,69.242442,41.341276,69.242442,file,,9.45,12.56,55.8,10.8,9.5,9.2,9.4,11.4,10.8,7.2,8.3,8.9,9.0
W002,Лакокраска,Safia,Tashkent,41.3330308,69.2980192,41.294842,69.242403,corrected,"site row ""Лакокраска"" adopted, moved 6293 m (medium confidence)",9.27,13.07,52.5,10.3,7.4,9.2,9.2,9.1,9.1,8.9,10.3,10.1,9.1
W158,Северный Вокзал,Safia,Tashkent,41.291614,69.286618,41.291614,69.286618,file,,8.99,20.54,32.4,9.0,7.7,8.7,9.6,10.0,8.5,8.4,8.9,9.2,9.9
W157,Себзар,Safia,Tashkent,41.335218,69.253457,41.335218,69.253457,file,,8.92,16.49,40.1,9.2,8.0,9.0,10.2,10.2,7.5,7.5,8.5,9.5,9.6
W170,Уй бозор,Safia,Tashkent,41.312922,69.18335640000001,41.313609,69.18527,corrected,"site row ""Уй базар"" adopted, moved 177 m (medium confidence)",8.64,12.71,50.4,8.1,9.0,7.0,8.9,11.9,9.5,8.3,8.5,7.6,7.6
W220,АНД Мумтоз,Safia,Andijan,40.758439,72.353112,40.758439,72.353112,file,,8.46,16.25,38.6,7.7,8.8,7.7,10.0,8.4,5.5,8.9,9.1,8.0,10.5
W145,Телебашня,Safia,Tashkent,41.348224,69.285342,41.348224,69.285342,file,,8.33,13.3,46.3,7.4,8.2,7.7,9.8,9.9,7.5,7.9,9.4,7.3,8.2
W061,Нукус,Safia,Tashkent,41.350017,69.217824,41.350017,69.217824,file,,8.29,13.81,44.4,8.0,8.7,8.6,7.3,9.4,8.5,8.6,7.6,8.9,7.3
W103,Чигатой,Safia,Tashkent,41.33893,69.22066,41.33893,69.22066,file,,7.02,8.59,60.6,8.1,6.9,7.7,5.2,7.8,8.7,6.6,7.4,5.9,5.9
W122,Сергели,Safia mini,Tashkent,41.216117,69.226101,41.216117,69.226101,file,,4.96,13.08,28.2,4.4,5.0,5.6,5.3,5.3,3.2,6.1,4.9,5.0,4.8
W124,Сити Молл экс,Safia,Tashkent,41.316427,69.252882,41.316427,69.252882,file,,4.71,15.34,22.7,5.0,5.0,4.6,3.8,5.3,4.3,4.7,4.3,5.0,5.1
W174,БУХ Вокзал,Safia,Bukhara,39.722506200000005,64.5484668,39.767966,64.421728,corrected,"site row ""Бухара Вокзал"" adopted, moved 11957 m (high confidence)",4.22,13.24,23.6,4.9,3.8,4.2,4.0,4.4,4.8,4.0,3.8,4.0,4.3
W219,М.Горький,Safia mini,Tashkent,41.3278199,69.32864040000001,41.345055,69.33304,corrected,"site row ""S express Максим Горький"" adopted, moved 1951 m (medium confidence)",3.79,12.48,22.5,3.2,3.7,4.2,4.5,3.4,2.2,4.3,3.8,4.8,3.8
W210,Алпомиш,Safia,Tashkent,41.344463,69.206329,41.344463,69.206329,file,,3.64,11.7,23.1,2.6,3.7,3.6,3.8,3.6,2.0,4.1,4.4,4.6,4.0
W172,Заркайнар,Safia,Tashkent,41.325177,69.240561,41.325177,69.240561,file,,1.72,4.51,28.3,1.7,2.4,1.9,2.3,1.5,1.1,1.6,1.6,1.4,1.7
W211,АНД Экопарк,Safia,Andijan,40.750748,72.351087,40.750748,72.351087,file,,1.61,3.42,34.9,1.5,1.6,1.6,1.7,2.1,1.9,1.5,1.3,1.8,1.1
