name,lat,lon,code,source,in_given_file,notes,address,coord_status,possible_duplicate_of,doubtful
Мега,41.367122,69.291343,W035,given_file; safiabakery.uz,True,site rows merged into this store: Мега Планет,,file,,False
Зенит,41.375005,69.271122,W025,given_file; safiabakery.uz,True,site rows merged into this store: Зенит,,file,,False
МедГор,41.362609,69.187378,W016,given_file; safiabakery.uz,True,site rows merged into this store: Медгородок,,file,,False
Крестик,41.292597,69.356831,W026,given_file; safiabakery.uz,True,site rows merged into this store: Крестик,,file,,False
Паркентская,41.312418,69.332706,W037,given_file; safiabakery.uz,True,site rows merged into this store: Паркентский,,file,,False
Чирчик,41.469955,69.583022,W047,given_file; safiabakery.uz,True,site rows merged into this store: Чирчик Юсупов,,file,,False
Бухара,39.76348,64.430124,W072,given_file; safiabakery.uz,True,site rows merged into this store: Бухара,,file,,False
Водник,41.254951,69.374889,W083,given_file; safiabakery.uz,True,site rows merged into this store: Водник,,file,,False
Сайрам,41.37356,69.307778,W099,given_file; safiabakery.uz,True,site rows merged into this store: Сайрам,,file,,False
ТТЗ,41.358054,69.384926,W101,given_file; safiabakery.uz,True,site rows merged into this store: ТТЗ,,file,,False
Ганга,41.328652,69.249259,W012,given_file; safiabakery.uz,True,site rows merged into this store: Ганга,,file,,False
Грандмир,41.297359,69.268759,W183,given_file; safiabakery.uz,True,site rows merged into this store: Грандмир,,file,,False
Бульвар,41.316325,69.245205,W185,given_file; safiabakery.uz,True,site rows merged into this store: Бульвар,,file,,False
СамПИ,41.354956,69.33375,W087,given_file; safiabakery.uz,True,site rows merged into this store: СамПИ,,file,,False
Садык Азимов,41.3062112,69.2913941,W018,given_file,True,,,corrected,,False
Карши,38.829511,65.785236,W057,given_file; safiabakery.uz,True,site rows merged into this store: Карши,,file,,False
Алмалык,40.852152,69.595566,W054,given_file; safiabakery.uz,True,site rows merged into this store: Алмалык,,file,,False
АНД Навруз,40.752303,72.363569,W071,given_file; safiabakery.uz,True,site rows merged into this store: Андижан Тц,,file,,False
Янги Хаёт,41.223215,69.208976,W092,given_file; safiabakery.uz,True,site rows merged into this store: Янгихаёт,,file,,False
Ракат,41.288798,69.242687,W017,given_file; safiabakery.uz,True,site rows merged into this store: Ракат,,file,,False
Кадышева,41.2899049,69.3437448,W015,given_file; safiabakery.uz,True,site rows merged into this store: Кадышева,,corrected,,False
НАМ А.Навои,40.994028,71.648413,W128,given_file; safiabakery.uz,True,site rows merged into this store: Наманган А.Навои,,file,,False
Фергана,41.28552,69.356386,W074,given_file,True,,,unresolved_excluded,,True
Янги Куйлюк 5,41.247725,69.301839,W031,given_file; safiabakery.uz,True,site rows merged into this store: Янги Куйлюк 5,,file,,False
Авайхон,41.316054,69.353411,W022,given_file; safiabakery.uz,True,site rows merged into this store: Авайхон,,file,,False
УзБум,41.287752,69.30374,W180,given_file; safiabakery.uz,True,site rows merged into this store: УзБум,,file,,False
Цум,41.304463,69.270304,W030,given_file; safiabakery.uz,True,site rows merged into this store: Цум,,file,,False
АНД Узбегим,40.786953,72.350948,W163,given_file; safiabakery.uz,True,site rows merged into this store: Андижан Узбегим,,file,,False
Навои,40.092309,65.380468,W189,given_file; safiabakery.uz,True,site rows merged into this store: Навои,,file,,False
Туйтепа,41.0419691,69.3572176,W159,given_file; safiabakery.uz,True,site rows merged into this store: Туйтепа,,corrected,,False
Янгиюль,41.120101,69.060315,W070,given_file; safiabakery.uz,True,site rows merged into this store: Янгиюль,,file,,False
Луначарский,41.337019,69.355522,W027,given_file; safiabakery.uz,True,site rows merged into this store: Луначарский,,file,,False
Гулобод,41.322401,69.216085,W139,given_file; safiabakery.uz,True,site rows merged into this store: Гулобод,,file,,False
Кибрай,41.387361,69.45927,W196,given_file; safiabakery.uz,True,site rows merged into this store: Кибрай,,file,,False
Дружба,41.311254,69.24403,W182,given_file; safiabakery.uz,True,site rows merged into this store: Дружба,,file,,False
Хувайдо,41.341653,69.20469,W130,given_file; safiabakery.uz,True,site rows merged into this store: Хувайдо,,file,,False
Пионерская,41.275145,69.223859,W079,given_file; safiabakery.uz,True,site rows merged into this store: Пионерская,,file,,False
Корасув,41.335052,69.370596,W098,given_file; safiabakery.uz,True,site rows merged into this store: Корасув,,file,,False
Ангрен,41.010855,70.082698,W175,given_file; safiabakery.uz,True,site rows merged into this store: Ангрен,,file,,False
Тансыкбаев,41.3646725,69.2062059,W064,given_file; safiabakery.uz,True,site rows merged into this store: Тансыкбаев,,corrected,,False
Рисовый,41.272501,69.308274,W190,given_file; safiabakery.uz,True,site rows merged into this store: Рисовый,,file,,False
Минор,41.327252,69.285208,W036,given_file; safiabakery.uz,True,site rows merged into this store: Минор,,file,,False
Компас,41.238704,69.328098,W097,given_file; safiabakery.uz,True,site rows merged into this store: Компас,,file,,False
Матонат,41.2444,69.311253,W214,given_file; safiabakery.uz,True,site rows merged into this store: Матонат (Куйлюк-1),,file,,False
Шохимардон,41.273582,69.346158,W039,given_file; safiabakery.uz,True,site rows merged into this store: Шохимардон,,file,,False
Боткина,41.311489,69.312525,W152,given_file; safiabakery.uz,True,site rows merged into this store: Боткина,,file,,False
НАМ Галаба,40.993759,71.610318,W073,given_file; safiabakery.uz,True,site rows merged into this store: Наманган Галаба,,file,,False
Файзабад,41.262204,69.316586,W068,given_file; safiabakery.uz,True,site rows merged into this store: Файзиабад,,file,,False
Чиланзар,41.336441,69.372281,W046,given_file,True,SHARES POINT with W215 (both unresolved_excluded); single doubtful point kept,,unresolved_excluded,,True
Тинчлик,41.334075,69.217183,W028,given_file; safiabakery.uz,True,site rows merged into this store: Тинчлик,,file,,False
Гвардейская,41.371954,69.318328,W013,given_file; safiabakery.uz,True,site rows merged into this store: Гвардейская,,file,,False
Коканд,40.54175,70.971492,W138,given_file; safiabakery.uz,True,site rows merged into this store: Коканд,,file,,False
Ахмад,41.26302,69.153976,W023,given_file,True,,,corrected,,False
Газалкент,41.56398,69.772597,W154,given_file; safiabakery.uz,True,site rows merged into this store: Газалкент,,file,,False
Спутник,41.19636,69.214968,W080,given_file; safiabakery.uz,True,site rows merged into this store: Спутник,,file,,False
Саракулька,41.277987,69.285818,W100,given_file; safiabakery.uz,True,site rows merged into this store: Саракулька,,file,,False
Термез,37.238793,67.280399,W187,given_file; safiabakery.uz,True,site rows merged into this store: Термез,,file,,False
Эшангузар,41.252705,69.153424,W181,given_file; safiabakery.uz,True,site rows merged into this store: Эшангузар,,file,,False
Чирчик Юсупов,41.4376012,69.54638979999999,W161,given_file; safiabakery.uz,True,site rows merged into this store: Чирчик,,corrected,,False
Сити Молл Фудкорт,41.316605,69.252059,W222,given_file,True,,,file,,False
Максим Горький,41.326714,69.335163,W126,given_file; safiabakery.uz,True,site rows merged into this store: Максим Горький,,file,,False
Янгибазар,41.314569,69.518455,W162,given_file; safiabakery.uz,True,site rows merged into this store: Янгибазар,,file,,False
Мевазор,41.370049,69.225415,W044,given_file; safiabakery.uz,True,site rows merged into this store: Мевазор,,file,,False
Сити Молл 1,41.315675,69.252674,W049,given_file; safiabakery.uz,True,site rows merged into this store: Сити Молл 3; Ташкент Сити,,file,,False
Кукча,41.321705,69.20283,W034,given_file; safiabakery.uz,True,site rows merged into this store: Кукча,,file,,False
IT парк,41.340999,69.335638,W205,given_file; safiabakery.uz,True,site rows merged into this store: IT парк,,file,,False
Ардус,41.319514,69.279826,W051,given_file; safiabakery.uz,True,site rows merged into this store: Ардус,,file,,False
Глобус,41.271441,69.176102,W084,given_file; safiabakery.uz,True,site rows merged into this store: Глобус,,file,,False
Фозилтепа,41.29696920000001,69.1794877,W003,given_file; safiabakery.uz,True,site rows merged into this store: Фозилтепа,,corrected,,False
Бочка,41.627857,69.940514,W173,given_file; safiabakery.uz,True,"""Бочка"" (D011 road) | site rows merged into this store: Бочка",,file,,False
Ватан,41.277915,69.17496,W094,given_file; safiabakery.uz,True,site rows merged into this store: Ватан,,file,,False
Аккурган,41.326784,69.304994,W032,given_file; safiabakery.uz,True,site rows merged into this store: Аккурган,,file,,False
Бекабад,40.211434,69.263868,W151,given_file; safiabakery.uz,True,site rows merged into this store: Бекабад,,file,,False
Чорсу,41.325287,69.232339,W081,given_file; safiabakery.uz,True,S express kiosk | site rows merged into this store: S express Чорсу,,unresolved_kept,,False
Зиёлилар,41.33579,69.323412,W014,given_file; safiabakery.uz,True,site rows merged into this store: Зиелилар,,file,,False
Вега,41.26004,69.223861,W137,given_file; safiabakery.uz,True,site rows merged into this store: Вега,,file,,False
Карасарай,41.348955,69.23936,W056,given_file; safiabakery.uz,True,site rows merged into this store: Карасарай,,file,,False
Алгоритм,41.26399,69.161609,W011,given_file; safiabakery.uz,True,site rows merged into this store: Алгоритм,,file,,False
Бунёдкор,41.27554,69.204384,W093,given_file; safiabakery.uz,True,site rows merged into this store: Интегро Чиланзар,,unresolved_kept,,False
Кушбеги,41.267901,69.246753,W059,given_file; safiabakery.uz,True,site rows merged into this store: Кушбеги,,file,,False
Эко (Chimgan),41.352836,69.351531,W091,given_file; safiabakery.uz,True,site rows merged into this store: Эко,,file,,False
Атлас,41.284656700000006,69.2035103,W075,given_file,True,,,corrected,,False
Уч Кахрамон,41.378603,69.289197,W067,given_file; safiabakery.uz,True,site rows merged into this store: Уч Кахрамон,,file,,False
Шохсарой,41.359777,69.276582,W040,given_file; safiabakery.uz,True,site rows merged into this store: Шохсарой,,file,,False
Аэропорт Duty Free,41.269159,69.262873,W140,given_file; safiabakery.uz,True,site rows merged into this store: Аэропорт,,file,,False
Камолон,41.308583,69.237994,W077,given_file; safiabakery.uz,True,site rows merged into this store: Камолон,,file,,False
Шахристан,41.353786,69.288687,W048,given_file; safiabakery.uz,True,site rows merged into this store: Шахристан,,file,,False
Ашрафи,41.283707,69.334776,W125,given_file; safiabakery.uz,True,site rows merged into this store: Ашрафи,,file,,False
Изза,41.283384,69.164913,W096,given_file; safiabakery.uz,True,site rows merged into this store: Изза,,file,,False
Бобур-МКАД,41.270112,69.262938,W198,given_file; safiabakery.uz,True,site rows merged into this store: Бобур-МКАД,,file,,False
Урикзор,41.2872,69.148452,W029,given_file; safiabakery.uz,True,site rows merged into this store: Урикзор,,file,,False
Малика,41.3423547,69.2657623,W060,given_file; safiabakery.uz,True,site rows merged into this store: Малика,,corrected,,False
Авторынок (Sergeli),41.229428,69.218651,W150,given_file; safiabakery.uz,True,site rows merged into this store: Авторынок,,file,,False
Кургантепа,41.215992,69.201152,W155,given_file; safiabakery.uz,True,site rows merged into this store: Кургантепа,,file,,False
Нурафшон,41.333689,69.266826,W062,given_file; safiabakery.uz,True,site rows merged into this store: Нурафшон,,file,,False
Зангиата,41.199041,69.158695,W177,given_file; safiabakery.uz,True,site rows merged into this store: Зангиата,,file,,False
Бодомзор,41.339793,69.291907,W208,given_file,True,,,file,,False
Аль-Хорезми,41.268493,69.190166,W041,given_file; safiabakery.uz,True,site rows merged into this store: Аль-Хорезми,,file,,False
Гейдар Алиев,41.273101,69.277859,W167,given_file; safiabakery.uz,True,site rows merged into this store: Гейдар Алиева,,file,,False
Жомий,41.360996,69.239384,W076,given_file; safiabakery.uz,True,site rows merged into this store: Жомий,,file,,False
Эркин,41.230134,69.172329,W147,given_file; safiabakery.uz,True,site rows merged into this store: Эркин,,file,,False
Лабзак,41.327052,69.263576,W141,given_file; safiabakery.uz,True,site rows merged into this store: Лабзак,,file,,False
Жарарык,41.335675,69.177778,W043,given_file; safiabakery.uz,True,site rows merged into this store: Ибн Сино (Жарарық),,file,,False
Коммунизм,41.359311,69.225038,W033,given_file; safiabakery.uz,True,site rows merged into this store: Коммунизм,,file,,False
Нукус-1,42.460454,59.611502,W201,given_file; safiabakery.uz,True,site rows merged into this store: Нукус-1,,file,,False
Шота Руставели,41.272776,69.240126,W089,given_file; safiabakery.uz,True,site rows merged into this store: Шота Руставели,,file,,False
Некст,41.297942,69.249418,W188,given_file; safiabakery.uz,True,site rows merged into this store: Некст,,file,,False
Келес,41.40807,69.202073,W078,given_file; safiabakery.uz,True,site rows merged into this store: Келес,,file,,False
Ташми,41.349015,69.176253,W038,given_file; safiabakery.uz,True,site rows merged into this store: Ташми,,file,,False
Мехржон,41.287542,69.285423,W127,given_file; safiabakery.uz,True,site rows merged into this store: Мехржон,,file,,False
Хаст-Имам,41.341276,69.242442,W019,given_file; safiabakery.uz,True,site rows merged into this store: Хаст-Имам,,file,,False
Лакокраска,41.3330308,69.2980192,W002,given_file,True,,,corrected,,False
Северный Вокзал,41.291614,69.286618,W158,given_file,True,,,file,,False
Себзар,41.335218,69.253457,W157,given_file; safiabakery.uz,True,site rows merged into this store: Себзор,,file,,False
Уй бозор,41.312922,69.18335640000001,W170,given_file,True,,,corrected,,False
АНД Мумтоз,40.758439,72.353112,W220,given_file; safiabakery.uz,True,site rows merged into this store: Андижан Мумтоз,,file,,False
Телебашня,41.348224,69.285342,W145,given_file; safiabakery.uz,True,site rows merged into this store: Телебашня,,file,,False
Нукус,41.350017,69.217824,W061,given_file; safiabakery.uz,True,site rows merged into this store: Турин,,file,,False
Чигатой,41.33893,69.22066,W103,given_file; safiabakery.uz,True,site rows merged into this store: Чигатой,,file,,False
Сергели,41.216117,69.226101,W122,given_file; safiabakery.uz,True,site rows merged into this store: Сергели,,file,,False
Сити Молл экс,41.316427,69.252882,W124,given_file; safiabakery.uz,True,S express kiosk | site rows merged into this store: S express Сити молл,,file,,False
БУХ Вокзал,39.722506200000005,64.5484668,W174,given_file,True,,,corrected,,False
М.Горький,41.3278199,69.32864040000001,W219,given_file; safiabakery.uz,True,S express kiosk | site rows merged into this store: S express Максим Горький,,corrected,,False
Алпомиш,41.344463,69.206329,W210,given_file; safiabakery.uz,True,S express kiosk | site rows merged into this store: S express Алпомиш,,file,,False
Заркайнар,41.325177,69.240561,W172,given_file; safiabakery.uz,True,site rows merged into this store: Заркайнар,,file,,False
АНД Экопарк,40.750748,72.351087,W211,given_file,True,,,file,,False
S express Бузбазар,41.3274598,69.3256844,N001,safiabakery.uz,False,S express kiosk | nearest known W126 796 m,"Ташкент, Мирзо-Улугбекский район, улица Сайрам, 43А",site,,False
S express Олтин тепа,41.3204131,69.35463100000001,N002,safiabakery.uz,False,S express kiosk | nearest known W022 495 m,"Ташкент, Мирзо-Улугбекский район, массив Карасу, 6-й квартал, 28В",site,,False
S express Янги-Сергени,41.2209519,69.223191,N003,safiabakery.uz,False,S express kiosk | nearest known W122 590 m,"Ташкент, Сергелийский район, улица Янги Сергели",site,,False
Алмалык Айдын,40.873247,69.59256590000001,N004,safiabakery.uz,False,nearest known W054 2359 m,"Ташкентская область, Алмалык, махаллинский сход граждан Тошкент",site,,False
Ало,41.3595721,69.2150709,N005,safiabakery.uz,False,nearest known W033 832 m | SAME NAME as known W215 13373 m away: possibly the same store with wrong coords in one file,"Ташкент, 1-я улица Каракамыш, 8",site,W215,False
Атлас ТЦ (Шухрат),41.28118679999999,69.2010397,N007,safiabakery.uz,False,nearest known W093 687 m,"Ташкент, улица Катартал, 28",site,,False
Бадамзар,41.339704,69.29375999999999,N009,safiabakery.uz,False,nearest known W208 155 m,"улица Чингиза Айтматова, 78",site,,False
Бельтепа,41.3401594,69.1725147,N010,safiabakery.uz,False,nearest known W043 665 m,"Ташкент, Шайхантахурский район, улица Белтепа",site,,False
Бешкайрагач,41.3086688,69.1644584,N011,safiabakery.uz,False,nearest known W170 1823 m,"Ташкент, улица Кукча Дарвоза, 624/1",site,,False
Бунёдкор,41.26979620000001,69.2010252,N012,safiabakery.uz,False,nearest known W093 698 m | SAME NAME as known W093 698 m away: possibly the same store with wrong coords in one file,"Ташкент, Чиланзарский район, массив Чиланзар, 17-й квартал, 33/1",site,W093,False
Гагарин,41.2829869,69.2225542,N014,safiabakery.uz,False,nearest known W079 879 m,"Ташкент, Чиланзарский район, улица Чиланзар, 55",site,,False
Глинка,41.282421,69.26192209999999,N015,safiabakery.uz,False,nearest known W198 1371 m,"Ташкент, улица Нукус, 39",site,,False
Гулистан,40.5032644,68.77251070000001,N016,safiabakery.uz,False,nearest known W151 52786 m,"Сырдарьинская область, Гулистан, махаллинский сход граждан Намуна, проспект Узбекистон, 44",site,,False
Гёте,41.3206034,69.2829464,N017,safiabakery.uz,False,nearest known W051 287 m,"Ташкент, проспект Амира Темура, 42",site,,False
Дархан,41.3163412,69.2902288,N018,safiabakery.uz,False,nearest known W051 938 m,"Ташкент, Мирзо-Улугбекский район, массив Алай, 1",site,,False
Джизак,40.1278653,67.82719499999999,N019,safiabakery.uz,False,nearest known W151 122423 m,"Джизак, махаллинский сход граждан Ташлак",site,,False
Для предзаказов 2026,41.385176,69.2627411,N020,safiabakery.uz,False,preorder point | nearest known W025 1330 m,"Ташкент, Юнусабадский район, 1-й тупик Ходжаабад, 12",site,,False
Домбрабад,41.2700621,69.2107816,N021,safiabakery.uz,False,nearest known W093 810 m,"Ташкент, улица Домбрабад, 2",site,,False
Дрим парк,41.281596,69.2175114,N022,safiabakery.uz,False,nearest known W079 892 m,"Ташкент, Чиланзарский район, массив Чиланзар, 4-й квартал, 1А/7",site,,False
Дьюти-фри,41.2618371,69.2672007,N023,safiabakery.uz,False,duty-free | nearest known W140 891 m,"Ташкент, аэропорт Ташкент имени Ислама Каримова",site,,False
Инха,41.3386418,69.33479100000001,N024,safiabakery.uz,False,nearest known W205 272 m,"Ташкент, Мирзо-Улугбекский район, улица Зиёлилар, 9",site,,False
Назарбек,41.307052,69.1382349,N026,safiabakery.uz,False,nearest known W029 2367 m,"Ташкентская область, Зангиатинский район, махаллинский сход граждан Мухаммад Мусо Хоразмий, улица Эъзоз, 7",site,,False
Новза,41.2911599,69.223855,N027,safiabakery.uz,False,nearest known W017 1595 m,"Ташкент, Чиланзарский район, проспект Бунёдкор, 1А",site,,False
Океан,41.2899656,69.2593292,N028,safiabakery.uz,False,nearest known W183 1139 m,"Ташкент, улица Шота Руставели, 37",site,,False
Парус (Чиланзар),41.2903078,69.2094813,N029,safiabakery.uz,False,nearest known W093 1696 m,"Ташкент, Чиланзарский район, массив Чиланзар, 8-й квартал, 20",site,,False
Пойтахт,41.311284,69.2740783,N030,safiabakery.uz,False,nearest known W030 821 m,"Ташкент, улица Матбуотчилар",site,,False
Самарканд (Мироншох),39.6560846,66.95495,N032,safiabakery.uz,False,nearest known W057 136360 m,"Самарканд, улица Мирзо Улугбека, 16А",site,,False
Сингапурский,41.2696522,69.20278420000001,N033,safiabakery.uz,False,nearest known W093 668 m,"Ташкент, Чиланзарский район, проспект Бунёдкор, 28А",site,,False
Ургенч,41.5597503,60.6075305,N035,safiabakery.uz,False,nearest known W201 129624 m,"Хорезмская область, Ургенч, улица Янги Шовот Йули, 3",site,,False
Фабрика,41.2972903,69.1789215,N036,safiabakery.uz,False,nearest known W170 1890 m,"Ташкент, улица Фазылтепа, 256",site,,False
Фархадский,41.2854341,69.1868866,N037,safiabakery.uz,False,nearest known W094 1301 m | odd opening hours on site,"Ташкент, Учтепинский район, массив Чиланзар, 12-й квартал, 21",site,,False
Фергана,40.383321200000005,71.7883745,N038,safiabakery.uz,False,nearest known W211 62677 m | SAME NAME as known W074 227863 m away: possibly the same store with wrong coords in one file,"Фергана, улица Маърифат, 19",site,W074,False
Феруза,41.3547223,69.3684098,N039,safiabakery.uz,False,nearest known W091 1424 m,"Ташкент, улица Феруза, 14",site,,False
Хива,41.3802518,60.3561394,N040,safiabakery.uz,False,nearest known W201 134990 m,"Хорезмская область, Хива, 4-й тупик П. Корий",site,,False
Чинабад (High town),41.3559046,69.3110212,N041,safiabakery.uz,False,nearest known W048 1879 m,"Ташкент, улица Янгишахар, 67",site,,False
Чиназ,40.9398923,68.7614051,N042,safiabakery.uz,False,nearest known W070 32097 m,"Ташкентская область, Чиназ, улица Шарафа Рашидова, 68",site,,False
Чорсу,41.3207368,69.2350718,N043,safiabakery.uz,False,nearest known W081 555 m | SAME NAME as known W081 555 m away: possibly the same store with wrong coords in one file,"Ташкент, улица Самарканд Дарвоза, 1",site,W081,False
Штаб,41.3220107,69.1789292,N044,safiabakery.uz,False,nearest known W023 1067 m,"Ташкент, улица Бешкайрагач, 104/3",site,,False
